{"cameraMode":{"drawMode":0,"name":"Shaded","section":"Shading Mode"},"sceneLighting":true,"audioPlay":false,"sceneViewState":{"m_AlwaysRefresh":false,"showFog":true,"showSkybox":true,"showFlares":true,"showImageEffects":true,"showParticleSystems":true,"showVisualEffectGraphs":true,"m_FxEnabled":true},"in2DMode":false,"pivot":{"x":-0.6682860851287842,"y":0.8466767072677612,"z":-0.9679241180419922},"rotation":{"x":0.03664698451757431,"y":0.9630277752876282,"z":-0.2010471522808075,"w":0.17554116249084474},"size":1.9643038511276246,"orthographic":false}